,AA,AAPL,GE,IBM,JNJ,MSFT,PEP,SPX,XOM
1990-02-01 00:00:00,4.98,7.86,2.87,16.79,4.27,0.51,6.04,328.79,6.12
1990-02-02 00:00:00,5.04,8.0,2.87,16.89,4.37,0.51,6.09,330.92,6.24
1990-02-05 00:00:00,5.07,8.18,2.87,17.32,4.34,0.51,6.05,331.85,6.25
1990-02-06 00:00:00,5.01,8.12,2.88,17.56,4.32,0.51,6.15,329.66,6.23
1990-02-07 00:00:00,5.04,7.77,2.91,17.93,4.38,0.51,6.17,333.75,6.33
1990-02-08 00:00:00,5.04,7.71,2.92,17.86,4.46,0.51,6.22,332.96,6.35
1990-02-09 00:00:00,5.06,8.0,2.94,17.82,4.49,0.52,6.24,333.62,6.37
1990-02-12 00:00:00,4.96,7.94,2.89,17.58,4.46,0.52,6.23,330.08,6.22
1990-02-13 00:00:00,4.91,8.06,2.88,17.95,4.43,0.52,6.09,331.02,6.23
1990-02-14 00:00:00,4.94,8.0,2.89,18.04,4.47,0.52,6.1,332.01,6.2
1990-02-15 00:00:00,4.99,8.0,2.91,18.04,4.54,0.53,6.15,334.89,6.4
1990-02-16 00:00:00,5.1,7.91,2.88,17.99,4.47,0.53,6.11,332.72,6.33
1990-02-20 00:00:00,5.04,7.85,2.83,17.88,4.39,0.55,6.01,327.99,6.25
1990-02-21 00:00:00,5.01,7.97,2.81,18.23,4.33,0.52,5.91,327.67,6.28
1990-02-22 00:00:00,5.06,7.73,2.82,17.95,4.28,0.53,5.87,325.7,6.22
1990-02-23 00:00:00,5.07,7.79,2.81,17.84,4.2,0.53,5.88,324.15,6.22
1990-02-26 00:00:00,5.13,7.97,2.84,18.08,4.3,0.54,5.93,328.67,6.37
1990-02-27 00:00:00,5.16,7.85,2.88,18.04,4.3,0.53,6.0,330.26,6.38
1990-02-28 00:00:00,5.22,7.97,2.89,18.06,4.32,0.54,6.06,331.89,6.2
1990-03-01 00:00:00,5.26,8.03,2.88,18.08,4.35,0.55,5.98,332.74,6.13
1990-03-02 00:00:00,5.41,7.91,2.92,18.23,4.43,0.57,5.89,335.54,6.17
1990-03-05 00:00:00,5.39,8.08,2.89,18.25,4.36,0.57,5.89,333.74,6.1
1990-03-06 00:00:00,5.4,8.26,2.92,18.39,4.45,0.57,5.97,337.93,6.22
1990-03-07 00:00:00,5.36,8.29,2.93,18.34,4.45,0.56,6.06,336.95,6.13
1990-03-08 00:00:00,5.34,8.61,2.95,18.6,4.5,0.58,6.18,340.27,6.17
1990-03-09 00:00:00,5.33,8.64,2.93,18.52,4.48,0.58,6.1,337.93,6.12
1990-03-12 00:00:00,5.34,8.58,2.92,18.73,4.46,0.59,6.22,338.67,6.13
1990-03-13 00:00:00,5.29,8.64,2.9,18.47,4.38,0.58,6.18,336.0,6.02
1990-03-14 00:00:00,5.28,8.67,2.95,18.47,4.44,0.59,6.15,336.87,6.13
1990-03-15 00:00:00,5.36,8.61,2.96,18.6,4.58,0.61,6.18,338.07,6.18
1990-03-16 00:00:00,5.44,9.43,2.99,18.88,4.61,0.62,6.26,341.91,6.27
1990-03-19 00:00:00,5.53,9.93,3.03,18.95,4.59,0.64,6.43,343.53,6.27
1990-03-20 00:00:00,5.46,9.7,3.01,18.78,4.54,0.62,6.4,341.57,6.17
1990-03-21 00:00:00,5.41,9.76,3.0,18.65,4.5,0.62,6.4,339.74,6.1
1990-03-22 00:00:00,5.34,9.55,2.96,18.52,4.42,0.61,6.31,335.69,6.07
1990-03-23 00:00:00,5.33,9.9,2.98,18.25,4.49,0.6,6.41,337.22,6.09
1990-03-26 00:00:00,5.32,9.9,2.99,18.1,4.5,0.61,6.51,337.63,6.04
1990-03-27 00:00:00,5.35,9.84,3.03,18.17,4.6,0.61,6.61,341.5,6.15
1990-03-28 00:00:00,5.41,9.67,3.03,18.41,4.6,0.61,6.65,342.0,6.1
1990-03-29 00:00:00,5.36,9.64,3.02,18.43,4.56,0.6,6.58,340.79,6.09
1990-03-30 00:00:00,5.26,9.43,3.01,18.45,4.52,0.6,6.52,339.94,6.1
1990-04-02 00:00:00,5.18,9.43,2.99,18.41,4.52,0.61,6.54,338.7,6.1
1990-04-03 00:00:00,5.17,9.78,3.04,18.54,4.64,0.63,6.66,343.64,6.22
1990-04-04 00:00:00,5.13,9.67,3.01,18.52,4.57,0.64,6.61,341.09,6.13
1990-04-05 00:00:00,5.15,9.43,3.01,18.45,4.6,0.62,6.64,340.73,6.1
1990-04-06 00:00:00,5.04,9.35,3.01,18.41,4.6,0.62,6.77,340.08,6.09
1990-04-09 00:00:00,5.06,9.64,3.02,18.34,4.68,0.62,6.92,341.37,6.07
1990-04-10 00:00:00,5.11,9.67,3.01,18.41,4.68,0.64,6.91,342.07,6.07
1990-04-11 00:00:00,5.2,9.96,3.03,18.49,4.69,0.66,6.95,341.92,6.02
1990-04-12 00:00:00,5.25,10.13,3.09,18.62,4.72,0.66,7.04,344.34,6.04
1990-04-16 00:00:00,5.27,10.25,3.12,19.28,4.7,0.66,7.05,344.74,6.02
1990-04-17 00:00:00,5.26,10.13,3.13,19.32,4.76,0.68,7.05,344.68,6.04
1990-04-18 00:00:00,5.21,10.13,3.11,19.1,4.72,0.66,6.91,340.72,6.0
1990-04-19 00:00:00,5.15,9.43,3.08,18.97,4.68,0.65,6.82,338.09,6.07
1990-04-20 00:00:00,5.1,9.43,3.06,19.01,4.69,0.65,6.8,335.12,6.12
1990-04-23 00:00:00,5.04,9.31,3.02,19.01,4.6,0.64,6.77,331.05,6.04
1990-04-24 00:00:00,5.07,9.08,3.01,18.93,4.56,0.63,6.77,330.36,5.97
1990-04-25 00:00:00,5.1,9.08,3.01,19.01,4.55,0.63,6.74,332.03,5.97
1990-04-26 00:00:00,5.12,9.11,3.02,18.91,4.6,0.63,6.78,332.92,6.02
1990-04-27 00:00:00,5.14,9.17,2.99,18.67,4.54,0.61,6.71,329.11,5.94
1990-04-30 00:00:00,5.07,9.23,2.99,18.95,4.56,0.63,6.9,330.8,5.97
1990-05-01 00:00:00,5.07,9.29,3.01,18.78,4.61,0.62,6.84,332.25,5.95
1990-05-02 00:00:00,5.09,9.31,3.03,18.97,4.69,0.64,6.96,334.48,6.05
1990-05-03 00:00:00,5.11,9.37,3.03,18.99,4.67,0.64,7.03,335.57,6.12
1990-05-04 00:00:00,5.11,9.37,3.06,19.43,4.75,0.67,7.1,338.39,6.13
1990-05-07 00:00:00,5.19,9.72,3.08,19.43,4.78,0.7,7.06,340.53,6.13
1990-05-08 00:00:00,5.23,9.78,3.1,19.47,4.77,0.68,7.05,342.01,6.11
1990-05-09 00:00:00,5.19,9.81,3.12,19.56,4.7,0.68,6.99,342.86,6.15
1990-05-10 00:00:00,5.19,9.7,3.15,19.75,4.73,0.7,7.01,343.82,6.23
1990-05-11 00:00:00,5.25,9.99,3.19,20.04,4.83,0.71,7.25,352.0,6.4
1990-05-14 00:00:00,5.27,9.78,3.2,20.09,4.88,0.72,7.22,354.75,6.42
1990-05-15 00:00:00,5.31,9.78,3.19,20.33,4.91,0.71,7.16,354.28,6.35
1990-05-16 00:00:00,5.28,9.76,3.19,20.28,4.93,0.71,7.13,354.0,6.4
1990-05-17 00:00:00,5.35,9.72,3.18,20.41,4.96,0.71,7.18,354.47,6.4
1990-05-18 00:00:00,5.37,9.31,3.19,20.28,4.92,0.74,7.22,354.64,6.38
1990-05-21 00:00:00,5.44,9.28,3.2,20.57,5.0,0.77,7.39,358.0,6.4
1990-05-22 00:00:00,5.51,9.72,3.2,20.7,5.03,0.78,7.39,358.43,6.4
1990-05-23 00:00:00,5.44,9.87,3.2,20.88,5.04,0.83,7.48,359.29,6.33
1990-05-24 00:00:00,5.32,9.87,3.25,20.88,5.14,0.83,7.44,358.41,6.3
1990-05-25 00:00:00,5.31,9.4,3.2,20.44,5.07,0.81,7.31,354.58,6.21
1990-05-29 00:00:00,5.35,9.63,3.26,21.05,5.16,0.82,7.48,360.65,6.37
1990-05-30 00:00:00,5.35,9.72,3.25,21.25,5.19,0.82,7.61,360.86,6.38
1990-05-31 00:00:00,5.39,9.69,3.24,21.1,5.17,0.8,7.69,361.23,6.42
1990-06-01 00:00:00,5.46,9.58,3.27,21.01,5.2,0.82,7.81,363.16,6.38
1990-06-04 00:00:00,5.58,9.58,3.31,21.16,5.27,0.83,7.94,367.4,6.45
1990-06-05 00:00:00,5.57,9.28,3.29,21.23,5.28,0.8,7.92,366.64,6.45
1990-06-06 00:00:00,5.55,9.28,3.27,21.21,5.23,0.8,7.82,364.96,6.4
1990-06-07 00:00:00,5.5,9.16,3.26,21.21,5.2,0.79,7.75,363.15,6.37
1990-06-08 00:00:00,5.48,8.99,3.23,20.88,5.1,0.8,7.64,358.71,6.28
1990-06-11 00:00:00,5.5,9.16,3.24,21.07,5.18,0.82,7.63,361.63,6.4
1990-06-12 00:00:00,5.51,9.52,3.31,21.14,5.26,0.83,7.76,366.25,6.53
1990-06-13 00:00:00,5.49,9.34,3.31,21.34,5.24,0.83,7.76,364.9,6.43
1990-06-14 00:00:00,5.46,9.34,3.28,21.25,5.17,0.82,7.75,362.9,6.43
1990-06-15 00:00:00,5.39,9.28,3.3,21.16,5.21,0.83,7.73,362.91,6.4
1990-06-18 00:00:00,5.33,9.22,3.26,20.85,5.13,0.82,7.67,356.88,6.35
1990-06-19 00:00:00,5.31,9.31,3.29,20.88,5.16,0.82,7.76,358.47,6.33
1990-06-20 00:00:00,5.39,9.4,3.3,20.74,5.23,0.85,7.82,359.1,6.4
1990-06-21 00:00:00,5.39,9.84,3.3,20.94,5.39,0.84,7.86,360.47,6.5
1990-06-22 00:00:00,5.32,9.75,3.27,20.44,5.29,0.83,7.84,355.43,6.4
1990-06-25 00:00:00,5.29,9.69,3.27,20.5,5.24,0.81,7.75,352.31,6.32
1990-06-26 00:00:00,5.22,9.55,3.25,20.52,5.25,0.82,7.89,352.06,6.28
1990-06-27 00:00:00,5.22,9.75,3.26,20.74,5.39,0.83,7.99,355.14,6.42
1990-06-28 00:00:00,5.21,10.1,3.26,20.68,5.49,0.83,8.15,357.63,6.45
1990-06-29 00:00:00,5.21,10.52,3.26,20.66,5.48,0.83,8.11,358.02,6.4
1990-07-02 00:00:00,5.23,10.34,3.32,20.83,5.63,0.8,8.14,359.54,6.38
1990-07-03 00:00:00,5.29,10.34,3.35,20.68,5.6,0.79,8.23,360.16,6.33
1990-07-05 00:00:00,5.24,10.22,3.31,20.63,5.53,0.79,8.13,355.68,6.25
1990-07-06 00:00:00,5.44,10.52,3.33,20.74,5.57,0.8,8.35,358.42,6.38
1990-07-09 00:00:00,5.47,10.96,3.36,20.92,5.53,0.81,8.24,359.52,6.33
1990-07-10 00:00:00,5.39,11.04,3.33,20.7,5.5,0.8,8.22,356.49,6.25
1990-07-11 00:00:00,5.53,11.04,3.4,20.94,5.63,0.82,8.36,361.23,6.4
1990-07-12 00:00:00,5.58,11.13,3.46,21.1,5.74,0.85,8.36,365.44,6.58
1990-07-13 00:00:00,5.62,10.99,3.53,21.27,5.71,0.86,8.48,367.31,6.52
1990-07-16 00:00:00,5.66,10.72,3.52,21.51,5.74,0.86,8.58,368.95,6.52
1990-07-17 00:00:00,5.55,10.4,3.5,21.23,5.76,0.85,8.67,367.52,6.5
1990-07-18 00:00:00,5.51,10.49,3.5,21.07,5.78,0.83,8.56,364.22,6.48
1990-07-19 00:00:00,5.54,9.81,3.53,21.1,5.89,0.84,8.62,365.32,6.68
1990-07-20 00:00:00,5.41,9.63,3.49,20.68,5.91,0.8,8.46,361.61,6.5
1990-07-23 00:00:00,5.39,9.75,3.41,20.37,5.75,0.79,8.19,355.31,6.4
1990-07-24 00:00:00,5.53,9.9,3.43,20.17,5.83,0.76,8.2,355.79,6.68
1990-07-25 00:00:00,5.65,9.93,3.45,20.17,5.93,0.78,8.19,357.09,6.63
1990-07-26 00:00:00,5.64,9.72,3.44,19.89,5.94,0.75,8.33,355.91,6.53
1990-07-27 00:00:00,5.59,9.72,3.39,19.58,5.86,0.75,8.3,353.44,6.58
1990-07-30 00:00:00,5.75,9.96,3.41,19.71,5.8,0.74,8.13,355.55,6.78
1990-07-31 00:00:00,5.74,9.87,3.37,19.6,5.71,0.73,8.05,356.15,6.93
1990-08-01 00:00:00,5.64,9.96,3.39,19.62,5.71,0.73,8.06,355.52,6.97
1990-08-02 00:00:00,5.56,10.22,3.33,19.29,5.56,0.72,7.94,351.48,7.12
1990-08-03 00:00:00,5.41,9.69,3.29,19.01,5.44,0.69,7.96,344.86,7.1
1990-08-06 00:00:00,5.15,9.28,3.11,18.47,5.18,0.66,7.55,334.43,7.25
1990-08-07 00:00:00,5.21,9.28,3.17,18.31,5.28,0.67,7.62,334.83,7.21
1990-08-08 00:00:00,5.27,9.43,3.2,18.33,5.43,0.69,7.86,338.35,6.99
1990-08-09 00:00:00,5.31,9.28,3.2,18.36,5.41,0.71,8.01,339.94,7.01
1990-08-10 00:00:00,5.23,9.11,3.14,18.13,5.35,0.7,7.94,335.52,6.98
1990-08-13 00:00:00,5.28,9.37,3.18,18.45,5.45,0.71,7.99,338.84,7.08
1990-08-14 00:00:00,5.32,9.34,3.16,18.56,5.47,0.7,8.1,339.39,7.06
1990-08-15 00:00:00,5.35,9.22,3.12,18.67,5.56,0.7,8.24,340.06,7.03
1990-08-16 00:00:00,5.25,9.05,3.06,18.45,5.44,0.67,7.86,332.39,6.99
1990-08-17 00:00:00,5.21,8.58,3.01,18.02,5.36,0.66,7.65,327.83,7.05
1990-08-20 00:00:00,5.18,8.66,3.01,18.18,5.29,0.61,7.65,328.51,7.13
1990-08-21 00:00:00,5.11,8.54,2.91,17.87,5.2,0.59,7.37,321.86,7.01
1990-08-22 00:00:00,5.05,8.28,2.84,17.6,5.1,0.59,7.11,316.55,6.94
1990-08-23 00:00:00,5.02,8.13,2.76,17.22,4.95,0.56,6.88,307.06,6.71
1990-08-24 00:00:00,5.06,8.37,2.89,17.84,5.04,0.62,7.29,311.51,6.61
1990-08-27 00:00:00,5.13,8.9,2.99,18.56,5.26,0.66,7.63,321.44,6.71
1990-08-28 00:00:00,5.13,8.99,2.96,18.42,5.27,0.69,7.64,321.34,6.77
1990-08-29 00:00:00,5.2,8.78,2.95,18.47,5.37,0.66,7.85,324.19,6.74
1990-08-30 00:00:00,5.25,8.54,2.91,18.09,5.3,0.65,7.67,318.71,6.61
1990-08-31 00:00:00,5.32,8.72,2.92,18.11,5.34,0.67,7.85,322.56,6.76
1990-09-04 00:00:00,5.39,8.72,2.88,18.22,5.38,0.68,7.79,323.09,6.77
1990-09-05 00:00:00,5.52,8.48,2.84,18.22,5.38,0.64,7.92,324.39,6.88
1990-09-06 00:00:00,5.48,8.43,2.83,18.2,5.27,0.63,7.68,320.46,6.81
1990-09-07 00:00:00,5.52,8.57,2.86,18.76,5.34,0.63,7.92,323.4,6.88
1990-09-10 00:00:00,5.54,8.43,2.88,18.82,5.31,0.61,7.83,321.63,6.81
1990-09-11 00:00:00,5.47,8.01,2.93,19.11,5.29,0.61,7.91,321.04,6.88
1990-09-12 00:00:00,5.64,8.01,2.92,19.18,5.29,0.63,8.03,322.54,6.94
1990-09-13 00:00:00,5.56,7.95,2.84,18.67,5.18,0.63,7.87,318.65,6.86
1990-09-14 00:00:00,5.51,8.01,2.8,18.56,5.19,0.65,7.79,316.83,6.94
1990-09-17 00:00:00,5.58,7.95,2.78,18.69,5.22,0.66,7.63,317.77,6.98
1990-09-18 00:00:00,5.63,7.87,2.76,19.07,5.27,0.67,7.51,318.6,6.93
1990-09-19 00:00:00,5.77,7.66,2.64,19.27,5.21,0.68,7.36,316.6,6.93
1990-09-20 00:00:00,5.65,7.45,2.62,19.18,5.06,0.65,7.16,311.48,6.91
1990-09-21 00:00:00,5.58,7.42,2.65,18.98,5.08,0.66,7.0,311.32,6.93
1990-09-24 00:00:00,5.27,7.13,2.59,18.67,4.99,0.64,6.81,304.59,6.82
1990-09-25 00:00:00,5.2,7.07,2.64,18.91,5.12,0.66,6.92,308.26,6.82
1990-09-26 00:00:00,5.19,7.01,2.61,18.73,5.1,0.66,6.92,305.06,6.74
1990-09-27 00:00:00,5.16,6.66,2.45,18.56,5.07,0.65,6.96,300.97,6.72
1990-09-28 00:00:00,5.18,6.83,2.59,18.91,5.14,0.69,7.24,306.05,6.62
1990-10-01 00:00:00,5.25,7.19,2.67,19.38,5.36,0.73,7.75,314.94,6.71
1990-10-02 00:00:00,5.2,6.98,2.65,19.25,5.4,0.72,7.71,315.21,6.69
1990-10-03 00:00:00,5.18,6.36,2.59,19.09,5.32,0.72,7.59,311.4,6.71
1990-10-04 00:00:00,5.16,6.6,2.58,19.18,5.33,0.7,7.79,312.69,6.81
1990-10-05 00:00:00,5.12,6.6,2.58,19.25,5.33,0.71,7.63,311.5,6.74
1990-10-08 00:00:00,5.11,6.86,2.59,19.47,5.41,0.72,7.67,313.48,6.81
1990-10-09 00:00:00,4.94,6.6,2.51,18.73,5.3,0.69,7.24,305.1,6.72
1990-10-10 00:00:00,4.67,6.25,2.47,18.4,5.25,0.65,7.24,300.39,6.59
1990-10-11 00:00:00,4.5,6.54,2.43,17.96,5.15,0.63,7.12,295.46,6.5
1990-10-12 00:00:00,4.42,6.66,2.52,17.82,5.23,0.62,7.48,300.03,6.55
1990-10-15 00:00:00,4.36,6.54,2.58,17.65,5.32,0.62,7.63,303.23,6.66
1990-10-16 00:00:00,4.29,5.89,2.45,17.67,5.27,0.6,7.44,298.92,6.57
1990-10-17 00:00:00,4.35,6.25,2.5,17.91,5.3,0.62,7.16,298.76,6.55
1990-10-18 00:00:00,4.46,6.72,2.59,18.73,5.44,0.67,7.51,305.74,6.55
1990-10-19 00:00:00,4.49,7.39,2.64,19.13,5.48,0.68,7.87,312.48,6.74
1990-10-22 00:00:00,4.54,7.33,2.55,19.16,5.55,0.7,7.83,314.76,6.71
1990-10-23 00:00:00,4.54,7.31,2.56,18.98,5.58,0.7,7.75,312.36,6.55
1990-10-24 00:00:00,4.6,7.19,2.46,19.31,5.52,0.71,7.71,312.6,6.55
1990-10-25 00:00:00,4.6,7.07,2.43,19.22,5.5,0.71,7.67,310.17,6.45
1990-10-26 00:00:00,4.56,7.07,2.4,19.0,5.38,0.69,7.48,304.71,6.39
1990-10-29 00:00:00,4.53,7.04,2.42,18.85,5.33,0.68,7.24,301.88,6.44
1990-10-30 00:00:00,4.44,7.16,2.51,18.91,5.35,0.7,7.51,304.06,6.61
1990-10-31 00:00:00,4.42,7.25,2.47,18.76,5.24,0.7,7.55,304.0,6.62
1990-11-01 00:00:00,4.43,7.19,2.49,19.07,5.35,0.69,7.59,307.02,6.72
1990-11-02 00:00:00,4.52,7.48,2.52,19.27,5.42,0.71,7.67,311.85,6.71
1990-11-05 00:00:00,4.5,7.84,2.56,19.39,5.49,0.72,7.87,314.59,6.71
1990-11-06 00:00:00,4.41,7.9,2.54,19.39,5.4,0.7,7.67,311.62,6.75
1990-11-07 00:00:00,4.31,7.84,2.47,19.15,5.32,0.7,7.48,306.01,6.61
1990-11-08 00:00:00,4.2,8.13,2.46,19.33,5.29,0.69,7.51,307.61,6.75
1990-11-09 00:00:00,4.2,8.37,2.55,19.82,5.33,0.71,7.67,313.74,6.9
1990-11-12 00:00:00,4.35,8.54,2.63,20.32,5.43,0.75,7.87,319.48,6.88
1990-11-13 00:00:00,4.33,8.48,2.64,20.14,5.39,0.75,7.95,317.67,6.85
1990-11-14 00:00:00,4.38,8.72,2.62,20.41,5.42,0.76,8.07,320.4,6.88
1990-11-15 00:00:00,4.43,8.48,2.61,20.25,5.38,0.74,7.99,317.02,6.85
1990-11-16 00:00:00,4.41,8.31,2.63,20.43,5.36,0.74,8.03,317.12,6.9
1990-11-19 00:00:00,4.41,8.6,2.63,20.63,5.44,0.76,8.18,319.34,6.94
1990-11-20 00:00:00,4.41,8.39,2.53,20.38,5.4,0.74,8.03,315.31,6.94
1990-11-21 00:00:00,4.49,8.54,2.55,20.52,5.4,0.75,8.11,316.03,6.95
1990-11-23 00:00:00,4.51,8.6,2.55,20.25,5.35,0.75,8.07,315.1,7.0
1990-11-26 00:00:00,4.51,8.69,2.54,20.47,5.34,0.77,8.07,316.51,6.99
1990-11-27 00:00:00,4.57,8.87,2.54,20.41,5.36,0.78,8.18,318.1,6.9
1990-11-28 00:00:00,4.56,8.69,2.5,20.2,5.48,0.77,7.99,317.95,6.9
1990-11-29 00:00:00,4.54,8.69,2.52,20.14,5.56,0.78,7.87,316.42,6.88
1990-11-30 00:00:00,4.57,8.69,2.6,20.43,5.7,0.79,8.07,322.22,6.94
1990-12-03 00:00:00,4.58,9.02,2.61,20.38,5.8,0.81,8.18,324.1,6.95
1990-12-04 00:00:00,4.58,9.1,2.66,20.63,5.8,0.81,8.34,326.35,6.9
1990-12-05 00:00:00,4.68,9.49,2.73,20.61,5.76,0.82,8.46,329.92,6.88
1990-12-06 00:00:00,4.69,9.75,2.76,20.05,5.77,0.82,8.46,329.07,6.8
1990-12-07 00:00:00,4.69,10.05,2.76,20.23,5.78,0.81,8.38,327.75,6.75
1990-12-10 00:00:00,4.79,9.87,2.73,20.38,5.75,0.81,8.33,328.89,6.8
1990-12-11 00:00:00,4.77,9.46,2.72,20.29,5.74,0.79,8.18,326.44,6.82
1990-12-12 00:00:00,4.87,9.37,2.73,20.56,5.83,0.79,8.37,330.19,6.9
1990-12-13 00:00:00,4.86,9.64,2.7,20.29,5.78,0.79,8.41,329.34,6.92
1990-12-14 00:00:00,4.81,9.43,2.67,20.0,5.73,0.8,8.21,326.82,6.95
1990-12-17 00:00:00,4.78,9.49,2.66,20.05,5.75,0.81,8.21,326.02,6.99
1990-12-18 00:00:00,4.81,9.99,2.73,20.41,5.86,0.82,8.33,330.05,6.99
1990-12-19 00:00:00,4.9,9.9,2.72,20.27,5.86,0.82,8.37,330.2,6.92
1990-12-20 00:00:00,4.88,10.4,2.76,20.45,5.85,0.82,8.37,330.12,6.9
1990-12-21 00:00:00,4.9,10.64,2.78,20.47,5.81,0.83,8.33,331.75,6.95
1990-12-24 00:00:00,4.86,10.4,2.76,20.47,5.81,0.82,8.25,329.9,7.02
1990-12-26 00:00:00,4.87,10.35,2.75,20.41,5.83,0.82,8.14,330.85,7.09
1990-12-27 00:00:00,4.8,10.29,2.74,20.43,5.78,0.82,8.14,328.29,7.02
1990-12-28 00:00:00,4.76,10.17,2.75,20.38,5.8,0.82,8.14,328.72,7.07
1990-12-31 00:00:00,4.8,10.17,2.75,20.32,5.87,0.82,8.21,330.22,7.09
1991-01-02 00:00:00,4.83,10.29,2.71,20.16,5.72,0.82,8.14,326.45,6.95
1991-01-03 00:00:00,4.8,10.17,2.65,20.23,5.66,0.82,7.9,321.91,6.99
1991-01-04 00:00:00,4.69,10.23,2.62,20.16,5.62,0.83,7.86,321.0,7.06
1991-01-07 00:00:00,4.66,10.23,2.58,19.82,5.45,0.82,7.66,315.44,6.97
1991-01-08 00:00:00,4.59,10.23,2.6,19.6,5.5,0.8,7.7,314.9,6.95
1991-01-09 00:00:00,4.51,10.7,2.6,19.22,5.36,0.81,7.7,311.49,6.83
1991-01-10 00:00:00,4.62,11.15,2.6,19.48,5.51,0.85,7.66,314.53,6.9
1991-01-11 00:00:00,4.63,11.11,2.59,19.44,5.55,0.85,7.74,315.23,6.83
1991-01-14 00:00:00,4.63,10.94,2.6,19.19,5.56,0.84,7.7,312.49,6.85
1991-01-15 00:00:00,4.65,11.06,2.61,19.33,5.57,0.86,7.62,313.73,6.83
1991-01-16 00:00:00,4.65,11.76,2.62,19.62,5.67,0.9,7.86,316.17,6.82
1991-01-17 00:00:00,4.87,12.12,2.78,20.81,5.85,0.92,8.49,327.97,6.97
1991-01-18 00:00:00,4.97,11.88,2.77,21.15,5.88,0.93,8.61,332.23,7.07
1991-01-21 00:00:00,5.01,12.0,2.75,21.51,5.9,0.98,8.45,331.06,7.02
1991-01-22 00:00:00,4.87,12.12,2.72,21.22,5.87,0.97,8.33,328.31,6.97
1991-01-23 00:00:00,4.97,12.24,2.74,21.44,5.97,0.97,8.49,330.21,7.12
1991-01-24 00:00:00,4.91,12.33,2.8,21.76,6.11,0.99,8.85,334.78,7.12
1991-01-25 00:00:00,4.93,12.65,2.87,22.05,6.1,0.98,8.57,336.07,7.21
1991-01-28 00:00:00,4.99,12.89,2.91,22.34,6.11,1.01,8.33,336.03,7.19
1991-01-29 00:00:00,5.15,12.71,2.91,22.39,6.15,1.01,8.57,335.84,7.12
1991-01-30 00:00:00,5.46,13.12,2.97,22.83,6.24,1.05,8.73,340.91,7.09
1991-01-31 00:00:00,5.41,13.12,3.07,22.79,6.25,1.07,8.69,343.93,7.07
1991-02-01 00:00:00,5.49,13.18,3.07,22.81,6.14,1.09,8.53,343.05,6.92
1991-02-04 00:00:00,5.6,13.07,3.12,23.12,6.24,1.08,8.53,348.34,7.02
1991-02-05 00:00:00,5.55,13.66,3.18,23.33,6.23,1.11,9.08,351.26,7.03
1991-02-06 00:00:00,5.51,13.45,3.19,23.58,6.32,1.15,9.56,358.07,7.34
1991-02-07 00:00:00,5.43,13.66,3.11,23.33,6.24,1.12,9.36,356.52,7.46
1991-02-08 00:00:00,5.49,14.16,3.13,23.51,6.32,1.14,9.32,359.35,7.38
1991-02-11 00:00:00,5.75,14.51,3.2,24.03,6.53,1.14,9.68,368.58,7.57
1991-02-12 00:00:00,5.61,14.19,3.2,24.1,6.45,1.13,9.56,365.5,7.41
1991-02-13 00:00:00,5.86,14.19,3.25,24.44,6.5,1.15,9.79,369.02,7.6
1991-02-14 00:00:00,5.68,13.51,3.23,24.51,6.4,1.1,10.03,364.22,7.46
1991-02-15 00:00:00,5.72,13.66,3.34,24.94,6.65,1.13,10.11,369.06,7.41
1991-02-19 00:00:00,5.68,14.22,3.34,25.32,6.64,1.12,10.19,369.39,7.43
1991-02-20 00:00:00,5.58,14.46,3.28,25.03,6.57,1.12,9.99,365.14,7.44
1991-02-21 00:00:00,5.5,13.98,3.27,24.6,6.6,1.09,10.19,364.97,7.48
1991-02-22 00:00:00,5.44,14.16,3.32,24.19,6.61,1.12,10.51,365.65,7.46
1991-02-25 00:00:00,5.34,13.74,3.36,24.26,6.75,1.12,10.58,367.26,7.48
1991-02-26 00:00:00,5.45,13.8,3.28,23.55,6.64,1.11,10.35,362.81,7.46
1991-02-27 00:00:00,5.38,13.8,3.33,23.76,6.76,1.15,10.62,367.74,7.74
1991-02-28 00:00:00,5.39,13.57,3.28,23.37,6.74,1.13,10.35,367.07,7.65
1991-03-01 00:00:00,5.53,13.69,3.33,23.78,6.73,1.15,10.43,370.47,7.74
1991-03-04 00:00:00,5.62,13.83,3.3,23.71,6.66,1.17,10.1,369.33,7.58
1991-03-05 00:00:00,5.7,14.96,3.33,24.23,6.84,1.22,10.74,376.72,7.62
1991-03-06 00:00:00,5.79,14.93,3.31,24.12,7.19,1.17,10.38,376.17,7.62
1991-03-07 00:00:00,5.7,15.94,3.29,24.05,7.42,1.14,10.38,375.91,7.67
1991-03-08 00:00:00,5.67,15.4,3.22,23.83,7.37,1.12,10.3,374.95,7.69
1991-03-11 00:00:00,5.64,15.05,3.3,23.44,7.25,1.08,10.18,372.96,7.7
1991-03-12 00:00:00,5.65,14.9,3.28,23.05,7.18,1.05,9.9,370.03,7.81
1991-03-13 00:00:00,5.8,15.7,3.35,23.44,7.31,1.1,10.22,374.57,7.95
1991-03-14 00:00:00,5.79,15.46,3.31,23.26,7.53,1.07,10.5,373.5,7.91
1991-03-15 00:00:00,5.71,15.7,3.31,22.99,7.69,1.05,10.58,373.59,7.93
1991-03-18 00:00:00,5.68,16.06,3.32,23.21,7.62,1.08,10.5,372.11,7.83
1991-03-19 00:00:00,5.57,16.47,3.26,20.9,7.44,1.08,10.3,366.59,7.83
1991-03-20 00:00:00,5.56,16.06,3.22,20.72,7.39,1.08,10.62,367.92,7.93
1991-03-21 00:00:00,5.47,15.34,3.2,20.31,7.4,1.03,10.66,366.58,7.95
1991-03-22 00:00:00,5.52,14.99,3.2,20.26,7.5,1.02,10.42,367.48,8.03
1991-03-25 00:00:00,5.54,15.28,3.23,20.6,7.8,1.07,10.38,369.83,8.21
1991-03-26 00:00:00,5.61,16.59,3.39,20.67,8.01,1.15,10.81,376.3,8.26
1991-03-27 00:00:00,5.59,16.41,3.36,20.49,7.94,1.18,10.81,375.35,8.1
1991-03-28 00:00:00,5.51,16.11,3.36,20.67,7.87,1.16,10.85,375.22,8.12
1991-04-01 00:00:00,5.42,16.23,3.37,20.38,7.75,1.17,10.77,371.3,7.98
1991-04-02 00:00:00,5.54,17.24,3.48,20.56,7.92,1.23,11.29,379.5,8.17
1991-04-03 00:00:00,5.51,16.59,3.45,20.53,7.91,1.24,10.77,378.94,8.03
1991-04-04 00:00:00,5.47,16.94,3.47,20.6,7.79,1.24,10.81,379.77,7.98
1991-04-05 00:00:00,5.45,16.44,3.42,20.44,7.67,1.2,10.54,375.36,7.97
1991-04-08 00:00:00,5.44,16.59,3.46,20.51,7.95,1.22,10.3,378.66,8.0
1991-04-09 00:00:00,5.4,16.29,3.44,20.2,7.85,1.2,10.26,373.56,7.91
1991-04-10 00:00:00,5.33,15.85,3.5,20.2,7.81,1.17,10.3,373.15,7.93
1991-04-11 00:00:00,5.3,16.83,3.51,20.08,7.99,1.21,10.46,377.63,8.09
1991-04-12 00:00:00,5.23,17.0,3.53,19.7,8.03,1.17,10.5,380.4,8.29
1991-04-15 00:00:00,5.5,14.75,3.56,19.4,7.96,1.24,10.62,381.19,8.26
1991-04-16 00:00:00,5.5,15.23,3.62,19.83,8.23,1.23,10.77,387.62,8.35
1991-04-17 00:00:00,5.72,14.99,3.63,19.94,8.17,1.22,10.62,390.45,8.35
1991-04-18 00:00:00,5.7,14.46,3.62,19.92,8.08,1.2,10.5,388.46,8.31
1991-04-19 00:00:00,5.66,14.13,3.59,19.88,7.98,1.17,10.42,384.2,8.35
1991-04-22 00:00:00,5.63,14.57,3.54,19.7,7.92,1.11,10.3,380.95,8.35
1991-04-23 00:00:00,5.73,14.57,3.52,19.67,7.86,1.11,10.34,381.76,8.45
1991-04-24 00:00:00,5.88,14.4,3.5,19.65,7.71,1.12,10.38,382.76,8.45
1991-04-25 00:00:00,5.73,13.86,3.45,19.61,7.8,1.1,10.18,379.25,8.21
1991-04-26 00:00:00,5.63,13.89,3.47,19.49,7.79,1.1,10.22,379.02,8.26
1991-04-29 00:00:00,5.68,13.8,3.38,19.04,7.78,1.07,9.67,373.66,8.21
1991-04-30 00:00:00,5.71,13.03,3.42,18.7,7.76,1.08,10.1,375.34,8.26
1991-05-01 00:00:00,5.92,11.2,3.5,18.88,7.9,1.1,10.42,380.29,8.38
1991-05-02 00:00:00,6.01,11.61,3.5,19.22,7.74,1.1,10.26,380.52,8.28
1991-05-03 00:00:00,5.97,11.61,3.51,18.81,7.74,1.11,10.06,380.8,8.22
1991-05-06 00:00:00,6.05,11.91,3.52,18.99,7.72,1.12,10.14,380.08,8.17
1991-05-07 00:00:00,5.99,12.0,3.53,18.71,7.73,1.11,10.02,377.32,8.09
1991-05-08 00:00:00,5.97,11.79,3.52,19.06,7.69,1.12,10.06,378.51,8.18
1991-05-09 00:00:00,6.0,12.03,3.56,19.45,7.82,1.15,10.22,383.25,8.37
1991-05-10 00:00:00,6.04,12.14,3.44,18.99,7.66,1.12,10.02,375.74,8.13
1991-05-13 00:00:00,5.86,12.5,3.45,19.45,7.64,1.13,10.22,376.76,8.07
1991-05-14 00:00:00,5.74,12.68,3.42,19.47,7.58,1.11,10.02,371.62,7.9
1991-05-15 00:00:00,5.63,11.97,3.42,18.87,7.53,1.07,9.9,368.57,7.92
1991-05-16 00:00:00,5.67,11.61,3.43,19.12,7.59,1.08,10.02,372.19,8.09
1991-05-17 00:00:00,5.57,11.14,3.45,19.06,7.42,1.08,9.94,372.39,8.14
1991-05-20 00:00:00,5.63,10.51,3.49,18.96,7.52,1.08,10.06,372.28,8.18
1991-05-21 00:00:00,5.72,10.75,3.51,18.64,7.72,1.11,10.3,375.35,8.28
1991-05-22 00:00:00,5.74,10.99,3.45,19.22,7.77,1.17,10.3,376.19,8.28
1991-05-23 00:00:00,5.66,10.72,3.49,19.22,7.72,1.2,10.02,374.96,8.25
1991-05-24 00:00:00,5.73,10.9,3.53,19.29,7.64,1.2,10.06,377.49,8.23
1991-05-28 00:00:00,5.99,10.93,3.58,19.31,7.78,1.21,10.22,381.94,8.23
1991-05-29 00:00:00,6.09,11.17,3.6,19.12,7.72,1.2,10.18,382.79,8.25
1991-05-30 00:00:00,6.04,11.32,3.69,19.17,7.59,1.2,10.02,386.96,8.21
1991-05-31 00:00:00,6.02,11.17,3.76,19.49,7.47,1.2,9.94,389.83,8.18
1991-06-03 00:00:00,6.06,11.7,3.77,19.54,7.29,1.22,9.78,388.06,8.27
1991-06-04 00:00:00,6.09,11.67,3.74,19.29,7.32,1.23,9.82,387.74,8.21
1991-06-05 00:00:00,6.05,11.4,3.68,18.96,7.3,1.22,9.71,385.09,8.13
1991-06-06 00:00:00,5.91,11.08,3.66,18.92,7.29,1.21,9.82,383.63,8.18
1991-06-07 00:00:00,5.82,10.96,3.6,18.73,7.15,1.2,9.74,379.43,8.07
1991-06-10 00:00:00,5.76,10.93,3.62,18.8,7.15,1.21,9.62,378.57,8.14
1991-06-11 00:00:00,5.68,10.6,3.66,18.78,7.16,1.21,9.7,381.05,8.21
1991-06-12 00:00:00,5.66,10.07,3.61,18.64,7.03,1.21,9.58,376.65,8.09
1991-06-13 00:00:00,5.66,10.01,3.64,18.48,7.0,1.21,9.54,377.63,8.13
1991-06-14 00:00:00,5.71,9.77,3.68,18.44,7.05,1.24,9.82,382.29,8.18
1991-06-17 00:00:00,5.83,9.98,3.63,18.28,7.03,1.24,9.82,380.13,8.07
1991-06-18 00:00:00,5.88,10.01,3.63,18.53,6.99,1.22,9.66,378.59,8.0
1991-06-19 00:00:00,5.88,9.92,3.6,18.55,6.9,1.13,9.5,375.09,8.0
1991-06-20 00:00:00,5.88,9.98,3.6,18.21,7.0,1.1,9.54,375.42,8.16
1991-06-21 00:00:00,5.85,9.98,3.65,18.3,7.05,1.12,9.54,377.75,8.21
1991-06-24 00:00:00,5.7,9.92,3.59,18.07,6.93,1.07,9.43,370.94,8.16
1991-06-25 00:00:00,5.64,10.07,3.58,18.25,6.91,1.08,9.15,370.65,8.21
1991-06-26 00:00:00,5.63,10.22,3.57,18.11,6.83,1.1,9.23,371.59,8.32
1991-06-27 00:00:00,5.74,10.1,3.63,17.93,6.94,1.11,9.27,374.4,8.28
1991-06-28 00:00:00,5.71,9.86,3.6,17.84,6.89,1.12,9.23,371.16,8.16
1991-07-01 00:00:00,5.65,10.1,3.64,18.07,6.97,1.17,9.27,377.92,8.41
1991-07-02 00:00:00,5.81,10.04,3.65,18.21,6.84,1.12,9.46,377.47,8.25
1991-07-03 00:00:00,5.74,10.25,3.6,18.02,6.76,1.05,9.35,373.33,8.06
1991-07-05 00:00:00,5.7,10.84,3.59,18.11,6.97,1.01,9.27,374.08,8.07
1991-07-08 00:00:00,5.78,11.11,3.64,18.46,7.02,1.1,9.46,377.94,8.21
1991-07-09 00:00:00,5.74,11.14,3.63,18.28,7.06,1.11,9.5,376.11,8.09
1991-07-10 00:00:00,5.75,11.23,3.61,18.14,7.13,1.07,9.11,375.74,8.06
1991-07-11 00:00:00,5.87,11.11,3.65,18.05,7.18,1.08,9.11,376.97,8.13
1991-07-12 00:00:00,5.96,11.11,3.66,18.25,7.19,1.11,9.23,380.25,8.25
1991-07-15 00:00:00,6.05,10.81,3.66,18.23,7.16,1.14,9.5,382.39,8.3
1991-07-16 00:00:00,6.04,10.39,3.59,17.75,7.23,1.11,9.62,381.54,8.28
1991-07-17 00:00:00,5.92,10.1,3.49,17.68,7.13,1.11,9.46,381.18,8.41
1991-07-18 00:00:00,6.05,10.66,3.56,18.05,7.25,1.1,9.46,385.37,8.41
1991-07-19 00:00:00,6.11,10.93,3.58,18.46,7.23,1.11,9.35,384.22,8.37
1991-07-22 00:00:00,6.05,10.93,3.56,18.73,7.24,1.11,9.23,382.88,8.35
1991-07-23 00:00:00,6.12,10.69,3.51,18.48,7.18,1.09,9.23,379.42,8.21
1991-07-24 00:00:00,5.98,10.69,3.47,18.51,7.15,1.07,9.43,378.64,8.27
1991-07-25 00:00:00,6.0,10.75,3.53,18.46,7.22,1.08,9.46,380.96,8.3
1991-07-26 00:00:00,6.01,10.66,3.54,18.46,7.25,1.16,9.39,380.93,8.25
1991-07-29 00:00:00,5.95,10.81,3.54,18.62,7.4,1.15,9.5,383.15,8.32
1991-07-30 00:00:00,5.99,11.05,3.56,18.67,7.49,1.19,10.02,386.69,8.35
1991-07-31 00:00:00,6.01,10.99,3.56,18.6,7.55,1.2,10.14,387.81,8.34